3d01a6,::1,GET,http://localhost/objet/moijvtest/web/index_dev.php/register,1512389059,,200
c60097,::1,GET,http://localhost/objet/moijvtest/web/index_dev.php/register,1512392745,,200
4d2782,::1,GET,http://localhost/objet/moijvtest/web/index_dev.php/register,1512392750,,200
3b9aa4,::1,POST,http://localhost/objet/moijvtest/web/index_dev.php/register,1512392839,,200
869eb4,::1,GET,http://localhost/objet/moijvtest/web/index_dev.php/register,1512393863,,200
e79d35,::1,GET,http://localhost/objet/moijvtest/web/index_dev.php/register,1512393929,,200
f9cefe,::1,GET,http://localhost/objet/moijvtest/web/index_dev.php/register,1512394266,,200
ed8e3f,::1,POST,http://localhost/objet/moijvtest/web/index_dev.php/register,1512394282,,500
8b5cb5,::1,GET,http://localhost/objet/moijvtest/web/index_dev.php/register,1512394349,,200
b3343a,::1,GET,http://localhost/objet/moijvtest/web/index_dev.php/register,1512394368,,200
3dc689,::1,POST,http://localhost/objet/moijvtest/web/index_dev.php/register,1512394388,,500
042c4d,::1,POST,http://localhost/objet/moijvtest/web/index_dev.php/register,1512394604,,500
998658,::1,GET,http://localhost/objet/moijvtest/web/index_dev.php/register,1512395281,,200
ddab7e,::1,POST,http://localhost/objet/moijvtest/web/index_dev.php/register,1512395299,,500
87ec9b,::1,GET,http://localhost/objet/moijvtest/web/index_dev.php/register,1512395353,,200
0a8293,::1,POST,http://localhost/objet/moijvtest/web/index_dev.php/register,1512395369,,200
db7624,::1,POST,http://localhost/objet/moijvtest/web/index_dev.php/register,1512396258,,200
b1d9bf,::1,POST,http://localhost/objet/moijvtest/web/index_dev.php/register,1512396298,,200
5721ea,::1,GET,http://localhost/objet/moijvtest/web/index_dev.php/register,1512396659,,200
8e2902,::1,POST,http://localhost/objet/moijvtest/web/index_dev.php/register,1512396683,,200
b303ed,::1,POST,http://localhost/objet/moijvtest/web/index_dev.php/register,1512396700,,302
7d538b,::1,GET,http://localhost/objet/moijvtest/web/index_dev.php/login,1512396701,,200
4ea47d,::1,POST,http://localhost/objet/moijvtest/web/index_dev.php/login_check,1512396749,,302
542144,::1,GET,http://localhost/objet/moijvtest/web/index_dev.php/,1512396750,,200
1fe3e4,::1,POST,http://localhost/objet/moijvtest/web/index_dev.php/register,1512396889,,200
af2213,::1,GET,http://localhost/objet/moijvtest/web/index_dev.php/register,1512397932,,200
16654d,::1,POST,http://localhost/objet/moijvtest/web/index_dev.php/register,1512397953,,200
2416ed,::1,POST,http://localhost/objet/moijvtest/web/index_dev.php/register,1512397980,,200
830512,::1,POST,http://localhost/objet/moijvtest/web/index_dev.php/register,1512397996,,200
797078,::1,GET,http://localhost/objet/moijvtest/web/index_dev.php/,1512398613,,500
af193c,::1,GET,http://localhost/objet/moijvtest/web/index_dev.php/,1512398621,,500
e48a47,::1,GET,http://localhost/objet/moijvtest/web/index_dev.php/,1512398648,,500
64a482,::1,GET,http://localhost/objet/moijvtest/web/index_dev.php/login,1512398675,,500
c6e6b3,::1,GET,http://localhost/objet/moijvtest/web/index_dev.php/login,1512398735,,500
39c60f,::1,GET,http://localhost/objet/moijvtest/web/index_dev.php/login,1512398758,,500
30d4b4,::1,GET,http://localhost/objet/moijvtest/web/index_dev.php/login,1512398781,,500
c8f624,::1,GET,http://localhost/objet/moijvtest/web/index_dev.php/register,1512398822,,500
ad8d93,::1,GET,http://localhost/objet/moijvtest/web/index_dev.php/login,1512398838,,200
91be28,::1,POST,http://localhost/objet/moijvtest/web/index_dev.php/login_check,1512398847,,302
a8a877,::1,GET,http://localhost/objet/moijvtest/web/index_dev.php/,1512398847,,200
5f35df,::1,GET,http://localhost/objet/moijvtest/web/index_dev.php/,1512398854,,200
825a5e,::1,GET,http://localhost/objet/moijvtest/web/index_dev.php/,1512399432,,200
207acb,::1,GET,http://localhost/objet/moijvtest/web/index_dev.php/,1512399446,,500
4fc3c6,::1,GET,http://localhost/objet/moijvtest/web/index_dev.php/,1512399457,,200
70dc31,::1,GET,http://localhost/objet/moijvtest/web/index_dev.php/,1512399459,,500
0037c9,::1,GET,http://localhost/objet/moijvtest/web/index_dev.php/,1512399478,,200
5970ac,::1,GET,http://localhost/objet/moijvtest/web/index_dev.php/register,1512399619,,500
50626d,::1,GET,http://localhost/objet/moijvtest/web/index_dev.php/,1512399665,,500
6e48b3,::1,GET,http://localhost/objet/moijvtest/web/index_dev.php/,1512399718,,200
4714b8,::1,GET,http://localhost/objet/moijvtest/web/index_dev.php/,1512399727,,500
51c8ab,::1,GET,http://localhost/objet/moijvtest/web/index_dev.php/,1512399733,,200
a0c7c2,::1,GET,http://localhost/objet/moijvtest/web/index_dev.php/login,1512399736,,500
1c0d37,::1,GET,http://localhost/objet/moijvtest/web/index_dev.php/,1512399762,,500
a8fa26,::1,GET,http://localhost/objet/moijvtest/web/index_dev.php/,1512399786,,500
bdac8e,::1,GET,http://localhost/objet/moijvtest/web/index_dev.php/,1512399812,,500
c772ec,::1,GET,http://localhost/objet/moijvtest/web/index_dev.php/,1512399813,,500
f22a42,::1,GET,http://localhost/objet/moijvtest/web/index_dev.php/,1512399814,,500
ea351a,::1,GET,http://localhost/objet/moijvtest/web/index_dev.php/,1512399816,,500
72b31d,::1,GET,http://localhost/objet/moijvtest/web/index_dev.php/,1512399838,,500
cff13f,::1,GET,http://localhost/objet/moijvtest/web/index_dev.php/,1512399842,,500
011eed,::1,GET,http://localhost/objet/moijvtest/web/index_dev.php/,1512399865,,200
7c944a,::1,GET,http://localhost/objet/moijvtest/web/index_dev.php/,1512399871,,500
5b73b1,::1,GET,http://localhost/objet/moijvtest/web/index_dev.php/,1512399941,,500
bad810,::1,GET,http://localhost/objet/moijvtest/web/index_dev.php/,1512399950,,200
2c854c,::1,GET,http://localhost/objet/moijvtest/web/index_dev.php/,1512400018,,200
e4bd2a,::1,GET,http://localhost/objet/moijvtest/web/index_dev.php/,1512400143,,200
6389d1,::1,GET,http://localhost/objet/moijvtest/web/index_dev.php/,1512400248,,200
2b4bd1,::1,GET,http://localhost/objet/moijvtest/web/index_dev.php/logout,1512400266,,302
ec1b7d,::1,GET,http://localhost/objet/moijvtest/web/index_dev.php/,1512400267,,200
ab5ef9,::1,GET,http://localhost/objet/moijvtest/web/index_dev.php/login,1512400269,,500
fd8fe9,::1,GET,http://localhost/objet/moijvtest/web/index_dev.php/login,1512400509,,500
b0bcb1,::1,GET,http://localhost/objet/moijvtest/web/index_dev.php/_profiler/wdt/fd8fe9,1512400510,,500
cb4940,::1,GET,http://localhost/objet/moijvtest/web/index_dev.php/login,1512400622,,500
041458,::1,GET,http://localhost/objet/moijvtest/web/index_dev.php/_profiler/wdt/cb4940,1512400623,,500
5fe838,::1,GET,http://localhost/objet/moijvtest/web/index_dev.php/login,1512400625,,500
3d17fe,::1,GET,http://localhost/objet/moijvtest/web/index_dev.php/_profiler/wdt/5fe838,1512400626,,500
839ca6,::1,GET,http://localhost/objet/moijvtest/web/index_dev.php/login,1512400677,,200
5587f2,::1,GET,http://localhost/objet/moijvtest/web/index_dev.php/,1512400724,,200
d770ec,::1,GET,http://localhost/objet/moijvtest/web/index_dev.php/,1512400842,,200
5d3210,::1,GET,http://localhost/objet/moijvtest/web/index_dev.php/,1512400907,,200
5abdf7,::1,GET,http://localhost/objet/moijvtest/web/index_dev.php/,1512400926,,200
cc9603,::1,GET,http://localhost/objet/moijvtest/web/index_dev.php/,1512400950,,200
8764f7,::1,GET,http://localhost/objet/moijvtest/web/index_dev.php/,1512402586,,200
fb7b2f,::1,GET,http://localhost/objet/moijvtest/web/index_dev.php/,1512402640,,200
044260,::1,GET,http://localhost/objet/moijvtest/web/index_dev.php/,1512402641,,200
e8e8c4,::1,GET,http://localhost/objet/moijvtest/web/index_dev.php/login,1512402650,,200
e7b15a,::1,POST,http://localhost/objet/moijvtest/web/index_dev.php/login_check,1512402661,,302
c3f3b5,::1,GET,http://localhost/objet/moijvtest/web/index_dev.php/,1512402661,,200
c319fb,::1,GET,http://localhost/objet/moijvtest/web/index_dev.php/logout,1512402698,,302
f704a0,::1,GET,http://localhost/objet/moijvtest/web/index_dev.php/,1512402698,,200
33dd54,::1,GET,http://localhost/objet/moijvtest/web/index_dev.php/,1512402738,,200
aa0ce8,::1,GET,http://localhost/objet/moijvtest/web/index_dev.php/,1512402744,,200
e21c2c,::1,GET,http://localhost/objet/moijvtest/web/index_dev.php/login,1512402748,,200
ab6e22,::1,POST,http://localhost/objet/moijvtest/web/index_dev.php/login_check,1512402757,,302
f0dbfa,::1,GET,http://localhost/objet/moijvtest/web/index_dev.php/,1512402757,,200
48101e,::1,GET,http://localhost/objet/moijvtest/web/index_dev.php/,1512403916,,200
99eaa4,::1,GET,http://localhost/objet/moijvtest/web/index_dev.php/logout,1512403917,,302
76bef7,::1,GET,http://localhost/objet/moijvtest/web/index_dev.php/,1512403918,,200
197003,::1,GET,http://localhost/objet/moijvtest/web/index_dev.php/login,1512403919,,200
90f4c4,::1,POST,http://localhost/objet/moijvtest/web/index_dev.php/login_check,1512403922,,302
5450f6,::1,GET,http://localhost/objet/moijvtest/web/index_dev.php/login,1512403923,,200
1ae4fc,::1,GET,http://localhost/objet/moijvtest/web/index_dev.php/login,1512404338,,200
4ccbc1,::1,GET,http://localhost/objet/moijvtest/web/index_dev.php/login,1512404369,,200
4b9a4d,::1,POST,http://localhost/objet/moijvtest/web/index_dev.php/login_check,1512404377,,302
5c5f89,::1,GET,http://localhost/objet/moijvtest/web/index_dev.php/,1512404377,,200
776726,::1,GET,http://localhost/objet/moijvtest/web/index_dev.php/logout,1512404408,,302
f9475a,::1,GET,http://localhost/objet/moijvtest/web/index_dev.php/,1512404408,,200
b2313e,::1,GET,http://localhost/objet/moijvtest/web/index_dev.php/register,1512404412,,200
eccfeb,::1,GET,http://localhost/objet/moijvtest/web/index_dev.php/login,1512404438,,200
352777,::1,GET,http://localhost/objet/moijvtest/web/index_dev.php/register,1512464624,,200
